<?xml version="1.0" encoding="UTF-8" standalone="no"?>
<parameters>
    <modelFileName>C:\עומר\לימודים\אורט בראודה\2022\סמסטר ז\גרפיקה ממוחשבת\git\GraphicsWorkspace\Rasterization\Models\models_0to600\ex_01___FirstExample_0to600.obj</modelFileName>
    <saveImagePath>./Models/</saveImagePath>
    <projectionType>PERSPECTIVE</projectionType>
    <displayType>FACE_COLOR</displayType>
    <displayNormals>false</displayNormals>
    <exercise>EX_2___Triangles_rasterization</exercise>
</parameters>
