<?xml version="1.0" encoding="UTF-8" standalone="no"?>
<parameters>
    <modelFileName>C:\עומר\לימודים\אורט בראודה\2022\סמסטר ז\גרפיקה ממוחשבת\git\GraphicsWorkspace\Rasterization\Models\models_with_texture\box.obj</modelFileName>
    <saveImagePath>./Models/</saveImagePath>
    <projectionType>PERSPECTIVE</projectionType>
    <displayType>TEXTURE_LIGHTING</displayType>
    <displayNormals>false</displayNormals>
    <exercise>EX_10__Texture</exercise>
</parameters>
